eid,route_defeated,attacker_tier,evidence_level,note
E1,none present,a or b,outcome_measured+mechanism_asserted,No primary sources opened; coded from the evidence package only. No hardware attestation or proof check before the event -> no route present (the PoW check came 23 Apr as a response). ~1.8M fake GPUs is a stated count; 'fake GPUs' is the asserted mechanism. Tier a or b: source does not establish whether faking needed only software or a virtualised GPU (the PoW docs mention simulated/virtual). Did not count as (c): fake GPUs are not devices. The later API-flaw retaliation is a separate event.
E2,R3,c,mechanism_observed,"No primary sources opened; coded from the evidence package only. HIP-66 directly reports what is observed: spoofing hotspots co-located in one room, onboarded alike, rewards to one wallet -> witness receipts (R3) falsified; many devices under one owner (c). No number ('often', 'small portion') so not measured. Denylist and HIP-58 cap (R4) were in place but not falsified (18.11). Doubt: whether location spoofing also needed software (a); not stated."
E3,undeterminable,undeterminable,asserted_only,"No primary sources opened; coded from the evidence package only. HIP-58 describes 'one known gaming technique' (altering beacon/witness packet info to increase distances) but the 7,000/700,000 figure counts gateways with >10% witnesses beyond 100 km and is not stated to be the gaming (18.12) -> not a measurement of it. If counted as measured, it would be outcome_measured+mechanism_asserted, route R3 (packet contents not attested by SE), tier a."
E4,undeterminable,undeterminable,asserted_only,"No primary sources opened; coded from the evidence package only. SP 'expressed concern for ongoing gaming'; the list of grounds on which a submission MAY be denied is policy, not observation (§8)."
E5,R4,a,mechanism_observed,"No primary sources opened; coded from the evidence package only. Weight copying: validator copies the public weight matrix instead of evaluating; Yuma compares its weights with consensus, so the agreement signal (R4, per 18.6) is falsified. Software only (a). 'Historically, many large weight copiers used ... stake-weighted averaging attack' read as a direct report of what was observed; 'many' is not a measurement. Doubt: docs text may be explanatory rather than an observation report."
E6,undeterminable,undeterminable,asserted_only,"No primary sources opened; coded from the evidence package only. 'Recent gaming that has been observed' gives no mechanism. 14% of hotspots not beaconing as intended is a number about something else, not stated to be the gaming (18.12)."
E7,undeterminable,undeterminable,asserted_only,"No primary sources opened; coded from the evidence package only. HIP-125/131/133 assert malicious activity in boosted hexes and migration to other areas, with no number and no mechanism beyond 'without providing legitimate coverage'. Location trust score (R4) and SP review (R6) were in place."
E8,undeterminable,undeterminable,outcome_measured,"No primary sources opened; coded from the evidence package only. 9,738,419 IOT rewards in one epoch and >86.9% gaming from detection methods = a measurement of the gaming. 'ITM can be bypassed by setting increased heights' is a vulnerability statement not attributed to the observed anomaly (18.12) -> no mechanism. If attributed, route would be R4 (ITM terrain model) with height falsified, tier a."
E9,R4,U,mechanism_observed,"No primary sources opened; coded from the evidence package only. HIP-140 line 22 directly reports hotspots earning boosted PoC with little/no offload, 'farming ... by manipulating their location and meeting one-time CDR requirements'. Location manipulation falsifies the location trust score -> R4. One-time CDR requirement was met, not falsified -> R3 paying witness not defeated (18.11). 'hundreds' is not a measurement. Method of location manipulation not stated -> tier U. Doubt: could be asserted_only (the mechanism is the source's interpretation)."
