row,system,fact,R1,R2,R3,R4,R6,R5_payoff(+/–/U),R1_binding,R2_binding,R3_binding,R4_binding,R6_binding,enforcement_primary,independent_reference,payer_attested,payer_independent,R5_denomination,payback,note
01,io.net,compute,U,P,–,–,–,U,,capacity,,,,block,n/a,no,U,U,U,"No primary sources opened; coded from the evidence package only. TDX confidential compute is 'on request' only: a hardware root exists for some workloads but the evidence does not show it applies to the reward claim -> R1 U (18.2, 2nd bullet). Hourly PoW read as an exact-answer challenge sized to the claimed GPU (18.7) -> R2; binding capacity (GPU is real, not simulated). P because E1 says it blocks counterfeit GPUs; enforcement block from E1 (accounts blocked), not from row 01 evidence itself. Unsure whether PoW is checked exactly or against a benchmark range (then R4). R3/R4/R6 coded – treating the product PoW docs as a description of the pipeline; could be U if product docs are not 'technical'. 'verifier: foundation' read as operator of the check, not R6. Blocking is not shown to forfeit accrued value -> R5 U."
02,Helium IOT,coverage,S,–,P,S,U,+,identity,,coverage,reported value,,block,no,no,U,U,U,"No primary sources opened; coded from the evidence package only. R1: secure element holds the hotspot key used at onboarding; packet contents not attested -> S, binds identity only. Could be argued an entry condition (applied once at onboarding) and then not a route. R3 P: beacon/witness receipts are what rewards follow. R4 S: HIP-58 distance cap filters single witness receipts (18.5). R5 +: hex-density scaling (HIP-17) = saturation subtype of §2. AMBIGUITY: 18.8 says R5 counts only value lost on detection, which saturation is not; I applied 18.8 to the cost subtype only. Denomination U because saturation is not a forfeited value. Denylist: implemented but evidence does not say who decides (person vs detector) -> R6 U; applied after the fact to a subset, so at most S. HIP-66 not adopted, excluded. Crowdspot community tool, discontinued, not coded. Independent reference no: HIP-66 shows spoofers' witnesses are co-located hotspots of the same owner (18.9). Enforcement block = no valid witnesses, no PoC reward; unsure whether witness count instead scales the reward (then discount)."
03,Helium IOT,coverage,S,–,P,S,U,+,identity,,coverage,reported value,,block,no,no,U,U,U,"No primary sources opened; coded from the evidence package only. Same structure as row 02 with the Verifier Oracle. R4 S: oracle rule filters on single witness receipts (distance cap, bidirectionality, RSSI/self-witness) and ITM terrain model (18.5); HIP-137 states ITM can be bypassed by height. CN470 removal is a scope change, not a route. R5 + saturation (HIP-17); same 18.8 ambiguity as row 02. Denylist -> R6 U (who decides not stated). Independent reference no: HIP-66 motivation predates this period but evidence says witness model unchanged; I carried it over. Unsure: README badges say Deployed, code confirmation only given for HIP-149."
04,Helium MOBILE,coverage (outdoor CBRS),U,–,–,U,P,–,,,,location,human judgement,block,no,no,U,U,U,"No primary sources opened; coded from the evidence package only. Hardest row. CPI registration (certified installer, remote, from installer-supplied location/height/azimuth) + Nova Labs review coded R6 P: outdoor cells require CPI, so it decides eligibility. ALTERNATIVE: it is applied once at registration, so it could be an entry condition (§2) and then no route is P (18.4). Modeled Coverage computes coverage from the registered parameters; it is a reward formula, not a comparison with an expectation -> R4 U, binding location if counted. CPI is not 'another participant' signing about an observation -> R3 –. No hardware element named -> R1 U. Independent reference no: all parameters are installer (claimant) supplied; certification is remote. SP stake (500M MOBILE) is posted by the Service Provider, not the claimant -> not R5 (18.8); no claimant loss on detection shown -> R5 –. HIP-107 SP deactivation rejected, not coded. Evidence text contains stray leading ': ' fragments in 'sources detail' and '( for SPs;' where a label seems to have been removed."
05,Helium MOBILE,coverage (Wi-Fi access points),U,–,U,P,S,+,,,,location,human judgement,discount,no,no,U,token,U,"No primary sources opened; coded from the evidence package only. R1 U: 'signed Wi-Fi scans' with no hardware element named (18.3). R4 P: location trust score (asserted location compared with third-party location estimate) sets multipliers 0.25/0.75/1.00 indoor, 0.75/1.00 outdoor; reward computed from it -> discount (never zeroed). Unsure R4 vs R3: 18.7 says third party running the check and signing -> R3; I read the third-party service as supplying an estimate the network compares (R4). R3 U: HIP-118 verification mapping approved but implementation U; mappers not launched. R6 S: HIP-125/131/133 SP identifies malicious operators and removes boosted rewards (subset, after the fact, 18.5). R5 +: loss of boosted rewards on detection (cost); denomination token assumed from 'emissions'. Independent reference no: the location service's input is the hotspot's own scan; if the service itself counts as independent observer, yes. Indoor/outdoor multipliers differ but reference does not -> not mixed. HIP-107 external check rejected, not coded."
06,Akash,compute,U,U,P,U,S,U,,,workload,,human judgement,block,yes,yes,U,U,U,"No primary sources opened; coded from the evidence package only. Customer leases via reverse auction: the evidence for the provider's claim is the paying customer's lease -> R3 paying witness (§10), payer_attested yes; payer_independent U (not shown whether a provider can lease from itself; community-pool incentives could make that profitable). Confidential compute + 'provider verification (2026)': no hardware element named, scope unclear -> R1 U. Benchmark API only proposed (#614) -> not coded. Community provider audits (#558) -> R6 S. Evidence is governance discussions only, so unmentioned routes are U, not – (18.2). Enforcement block = unpaid lease earns nothing; not stated in a source. Payment is mixed: the incentive-pilot part is not covered by the paying witness."
07,Hivemapper,location,U,U,U,U,U,U,,,,location,human judgement,U,U,no,U,U,U,"No primary sources opened; coded from the evidence package only. Provenance marketing only -> every route U (§3, 18.2). 'Imagery QA machine+human' suggests R4 (ML) and R6 if it were documented. No P (18.4) -> enforcement U."
08,Hivemapper,sensing (imagery),U,U,U,U,U,U,,,,reported value,human judgement,U,U,no,U,U,U,No primary sources opened; coded from the evidence package only. Same as row 07: marketing only -> all U. QA machine+human would be R4 (ML) + R6 on imagery if documented.
09,Wingbits,location,S,U,U,U,U,+,device-origin,,location,location,,U,U,no,U,U,U,"No primary sources opened; coded from the evidence package only. R1 S: ATECC608 secure chip named; GeoSigner signs location readings -> device-origin. Not shown to decide -> S; no route shown deciding -> no P, enforcement U (18.4). OSNMA recommended not required -> not coded. 'Claimed network PoL' and 'claimed spoofing cross-check' are claims without mechanism -> R3/R4 U. R5 +: one station per res-6 hex (exclusivity = saturation); same 18.8 ambiguity as row 02. Independent reference U: no party other than the device is shown observing the location."
10,Wingbits,sensing (ADS-B),U,U,U,U,U,U,device-origin,,,reported value,,U,yes,no,U,U,U,"No primary sources opened; coded from the evidence package only. R1 U: row 10 evidence says only 'data signed by device' (18.3), although row 09 names the ATECC608 on the same hardware; I did not carry it over. Cross-check in marketing only and network PoL 'claimed' -> U. No P -> enforcement U. Independent reference yes: ADS-B is broadcast and receivable by every receiver in range, so other participants observe the same fact; 18.9 says use by the checks does not matter. Doubt: evidence does not show the claimant cannot run those neighbouring receivers. Exclusivity is in row 09 only -> R5 U here."
11,Filecoin,storage,–,P,S,–,S,+,,bytes,bytes,,human judgement,block,n/a,yes,no,token,U,"No primary sources opened; coded from the evidence package only. R2 P: PoRep + WindowPoSt, binding bytes. Documented implementation weaknesses (FIP-0047 sealing flaw, FIP-0061 grindability) noted, scheme unaffected; kept P. R5 +: collateral + fault/termination penalties (cost); token (FIL) assumed. R6 S: Fil+ DataCap adjudication scales rewards; FIP-0118 (Accepted) deprecates it; implementation status U, kept S for the period. R3 S: storage deals are a paying-witness signal (§10) for part of the payment -> payer_attested yes for that part; payer_independent no because FIP-0118 cites self-dealing. Unsure whether payer columns should describe only the deal part. Fisch citation in evidence says 'verify' (unresolved note in package)."
12,Gensyn,compute,–,P,–,–,–,U,,workload,,,,U,n/a,no,U,U,U,"No primary sources opened; coded from the evidence package only. Design row (18.1): coded as specified. Verde refereed delegation + RepOps bitwise reproducibility read as an exact check -> R2, binding workload; the rollup referee only relays the result (18.6). Unsure: the protocol compares outputs of k providers, which could be read as R4 (comparison) or R3. Anytrust (>=1 of k honest) is an assumption, not a route. Consequence for a losing provider not in evidence -> enforcement U; no stake in evidence -> R5 U."
13,FOAM,location,–,–,P,–,–,–,,,location,,,block,yes,no,U,U,U,"No primary sources opened; coded from the evidence package only. Design row (18.1). >=4 anchors measure TDOA and vote on localization before the Presence Claim is minted -> R3 P (signed statements by other participants), binding location; enforcement block (no claim without the vote). Anchor safety deposit is a stake posted by the witnesses, not the claimant -> not R5 (18.8); staking witnesses belongs to R3. Independent reference yes: anchors observe the signal; not shown the claimant can be the anchors."
14,WeatherXM,sensing,S,–,–,P,U,–,device-origin,,,reported value,,discount,yes,no,U,U,U,"No primary sources opened; coded from the evidence package only. R1 S: secure element signs every data point. R4 P: QoD checks (incl. CQC vs neighbours, third-party stations, modelled data); stations below Data_Quality_Threshold excluded, above it reward scales with score -> discount (18.10). Neighbour readings used as reference -> R4, not R3. Subtype rule vs ML not stated. WIP-004 spot-checks proposed, adoption U -> R6 U. Exclusion below threshold read as enforcement, not R5 (no stake/seniority loss for data quality) -> R5 –. Independent reference yes: third-party stations and models observe the weather."
15,WeatherXM,location,U,–,–,P,–,+,,,,location,,discount,no,no,U,U,U,"No primary sources opened; coded from the evidence package only. R1 U: 'GPS reading signed on device' with no hardware element named in row 15 evidence (row 14 names a secure element; not carried over, 18.3). R4 P: PoL score = device location packets vs declared location; below threshold excluded, above it multiplies -> discount. Independent reference no: both observations come from the claimant's device. R5 +: relocation penalty PoL=0 for 7 days + seniority reset (seniority is a §2 cost); doubt: stated purpose is continuity, not fraud, and the trigger is relocation, not detected fraud. Denomination U (mix of lost rewards and seniority). WIP-001 relaxation to 3 days only proposed."
16,Bittensor,compute (validator evaluation),–,–,–,P,–,+,,,,reported value,,discount,yes,no,U,U,U,"No primary sources opened; coded from the evidence package only. Claimant is the validator; its fact is an evaluation of miners, so its weights are reported values compared with other validators (18.6) -> R4 P via Yuma stake-weighted agreement/clipping; clipping reduces rather than zeros -> discount. R5 +: commit-reveal = information subtype (delays what copiers see), stated as a response to weight copying; bonds/liquid alpha may also act on payoff. Denomination U. Independent reference yes: other validators evaluate the same miners; not shown one owner controls them."
17,GEODNET,sensing (GNSS observations),U,–,–,P,–,U,,,,reported value,,U,yes,no,U,U,U,"No primary sources opened; coded from the evidence package only. R1 U: 'certified miner hardware, per-device ID and key storage' does not name a hardware element (18.3). R4 P: validators' differential analysis vs nearby miners + GIP6 performance-based reward rules (stated purpose service quality) set the amount. Enforcement U: evidence does not say whether a failing station gets zero, a reduced reward or is flagged. Unsure whether validators are foundation-run ('?' in evidence). Independent reference yes: nearby miners observe the same satellites."
18,GEODNET,location (station position),U,U,U,U,U,U,,,,location,,U,U,no,U,U,U,"No primary sources opened; coded from the evidence package only. Evidence states that whether differential analysis checks station position is not documented -> R4 U (18.2, mechanism exists but not shown for this fact). No other position check documented -> all U, no P, enforcement U, independent reference U."
19,DIMO,sensing (vehicle telemetry),U,U,U,U,U,U,,,,,,U,U,no,U,U,U,"No primary sources opened; coded from the evidence package only. Verifiable credential of vehicle authenticity (DIP-2 A2) is required: VCs are not R1 (§2), and as a once-off requirement I read it as an entry condition. Could alternatively be R3 (issuer signs about the vehicle). Chainalysis wallet screening = entry condition. DIP-7 payout delay/withholding applies to the referral bonus, not this claim -> not coded. Telemetry verification pipeline not described -> all U, no P."
20,Render,compute (rendering; availability),U,P,S,S,P,U,,capacity,workload,capacity,human judgement,block,mixed,yes,U,U,U,"No primary sources opened; coded from the evidence package only. Row mixes two rewards. Rendering: creator reviews watermarked preview before payment -> R6 P (customer decides), enforcement block; customer burn is also a paying witness -> R3 S, payer_attested yes, payer_independent U. Availability: RNP-001 uptime challenges, node completing 5% gets 5% -> liveness challenge = R2 (18.7), binding capacity/availability; proportional -> would be discount. I coded both R2 and R6 P because each decides one stream; enforcement field holds the rendering value. R4 S: node reputation + OctaneBench. Proof-of-render proprietary -> not coded. OctaneRender account = account identity, not R1 -> R1 U. Permissioned onboarding = entry condition. Independent reference mixed: customer observes rendering (yes); availability is R2 (n/a)."
21,Aethir,compute (GPU containers),U,U,S,U,U,U,,,capacity,reported value,,U,yes,no,U,U,U,"No primary sources opened; coded from the evidence package only. Checker nodes run heartbeat/benchmark/simulation tests and attest liveness, capacity, QoS: a third party runs the check -> R3 (18.7), even where the test is a benchmark. Consequence for a failing container not stated -> no P (18.4), R3 S, enforcement U. 'Performance parameter reading' unclear -> R4 U. Consequences listed are for checkers, not the claimant -> not R5. Independent reference yes: checkers observe (initially Aethir-deployed, still not the claimant)."
22,Nosana,compute (GPU inference),U,U,U,S,U,–,,,,capacity,,U,U,U,U,U,U,"No primary sources opened; coded from the evidence package only. R4 S: benchmark jobs compared with self-reported specs; not shown to decide -> no P, enforcement U. Stake required to join, slashing 'activated at a later time', activation U -> not R5 (18.8); coded – (doubt: could be U). Test Grid NFT selection = entry condition. Customer pays for jobs but its role in verification is not described -> R3/R6 U, payer_attested U. Independent reference U."
23,Arweave,storage,–,P,–,–,–,–,,bytes,,,,block,n/a,no,U,U,U,"No primary sources opened; coded from the evidence package only. SPoRA: each mining attempt must include a pseudorandom recall chunk with Merkle proof; VDF limits attempts -> R2 P, binding bytes; invalid block earns nothing -> block. Storage endowment is a user payment into a fund, not a bill per claim -> payer_attested no. No loss on detection shown -> R5 –."
24,Bittensor SN2 (Inference Labs),compute (inference workload),–,S,–,P,–,U,,workload,,reported value,,discount,yes,no,U,U,U,"No primary sources opened; coded from the evidence package only. R2: zk proof of inference verified by validators (validator relays the check, 18.6). Consequence of an invalid proof not stated -> S. R4 P: rewards follow scores on proof size, response time and accuracy vs baseline models -> discount. Unsure: if invalid proofs score zero, R2 would be P with block. Independent reference yes: baseline models (run by validators) observe the expected output."
25,Helium IOT,"connectivity (data transferred, IoT)",S,–,P,–,–,–,identity,,bytes,,,block,yes,yes,yes,U,U,"No primary sources opened; coded from the evidence package only. Payer burns Data Credits for packets -> R3 paying witness (§10), binding bytes, payer_attested yes. Reward per DC at the $/DC peg = reward per unit capped at the unit price -> payer_independent yes. Packet verifier accounting read as relaying/recording the burn (18.6), not a separate R4. R1 S: secure element onboarding (as rows 02-03, identity). Payment source says 'emissions (data credits minor)' although this row pays per DC; inconsistency noted."
26,Helium MOBILE,"connectivity (data offloaded, Mobile)",U,–,P,–,–,–,,,bytes,,,block,yes,yes,no,U,U,"No primary sources opened; coded from the evidence package only. Carrier offload paid via Nova at payer rate R -> R3 paying witness, binding bytes (GB offloaded), payer_attested yes. Deployer earns clamp(baseline, 0.5R, 3R): reward per GB can exceed the payer's price -> payer_independent no (doubt: evidence does not show the deployer can be the payer). CDR accounting in mobile verifier read as relay (18.6). No hardware element named for Mobile in this row -> R1 U."
